precision,accuracy,error,recall,duration
0.995433316035288,0.9948320413436692,0.0051679586563307955,0.9944683908045977,0.0
