precision,accuracy,error,recall,duration
0.6190535736841156,0.38076923076923075,0.6192307692307693,0.37365084906541973,0.0
